ID,RegNo,Name,Gender,Age,Batch,Program,DepartmentID,Semester,AdmissionDate,GraduationDate,IsGraduated
176,04-bsse-176,Student 176,Male,22,2019,BSSE,1004,3,9/1/2019,6/30/2023,FALSE
177,04-bsse-177,Student 177,Female,22,2019,BSSE,1004,3,9/1/2019,6/30/2023,FALSE
178,04-bsse-178,Student 178,Male,22,2019,BSSE,1004,3,9/1/2019,6/30/2023,FALSE
179,04-bsse-179,Student 179,Female,22,2019,BSSE,1004,3,9/1/2019,6/30/2023,FALSE
180,04-bsse-180,Student 180,Male,22,2019,BSSE,1004,3,9/1/2019,6/30/2023,FALSE
181,04-bsse-181,Student 181,Female,22,2019,BSSE,1004,3,9/1/2019,6/30/2023,FALSE
182,04-bsse-182,Student 182,Male,22,2019,BSSE,1004,3,9/1/2019,6/30/2023,FALSE
183,04-bsse-183,Student 183,Female,22,2019,BSSE,1004,3,9/1/2019,6/30/2023,FALSE
184,04-bsse-184,Student 184,Male,22,2019,BSSE,1004,3,9/1/2019,6/30/2023,FALSE
185,04-bsse-185,Student 185,Female,22,2019,BSSE,1004,3,9/1/2019,6/30/2023,FALSE
186,04-bsse-186,Student 186,Male,22,2019,BSSE,1004,3,9/1/2019,6/30/2023,FALSE
187,04-bsse-187,Student 187,Female,22,2019,BSSE,1004,3,9/1/2019,6/30/2023,FALSE
188,04-bsse-188,Student 188,Male,22,2019,BSSE,1004,3,9/1/2019,6/30/2023,FALSE
189,04-bsse-189,Student 189,Female,22,2019,BSSE,1004,3,9/1/2019,6/30/2023,FALSE
190,04-bsse-190,Student 190,Male,22,2019,BSSE,1004,3,9/1/2019,6/30/2023,FALSE
191,04-bsse-191,Student 191,Female,22,2019,BSSE,1004,3,9/1/2019,6/30/2023,FALSE
192,04-bsse-192,Student 192,Male,22,2019,BSSE,1004,3,9/1/2019,6/30/2023,FALSE
193,04-bsse-193,Student 193,Female,22,2019,BSSE,1004,3,9/1/2019,6/30/2023,FALSE
194,04-bsse-194,Student 194,Male,22,2019,BSSE,1004,3,9/1/2019,6/30/2023,FALSE
195,04-bsse-195,Student 195,Female,22,2019,BSSE,1004,3,9/1/2019,6/30/2023,FALSE
196,04-bsse-196,Student 196,Male,22,2019,BSSE,1004,3,9/1/2019,6/30/2023,FALSE
197,04-bsse-197,Student 197,Female,22,2019,BSSE,1004,3,9/1/2019,6/30/2023,FALSE
198,04-bsse-198,Student 198,Male,22,2019,BSSE,1004,3,9/1/2019,6/30/2023,FALSE
199,04-bsse-199,Student 199,Female,22,2019,BSSE,1004,3,9/1/2019,6/30/2023,FALSE
200,04-bsse-200,Student 200,Male,22,2019,BSSE,1004,3,9/1/2019,6/30/2023,FALSE
201,04-bsse-201,Student 201,Female,22,2019,BSSE,1004,3,9/1/2019,6/30/2023,FALSE
202,04-bsse-202,Student 202,Male,22,2019,BSSE,1004,3,9/1/2019,6/30/2023,FALSE
203,04-bsse-203,Student 203,Female,22,2019,BSSE,1004,3,9/1/2019,6/30/2023,FALSE
204,04-bsse-204,Student 204,Male,22,2019,BSSE,1004,3,9/1/2019,6/30/2023,FALSE
205,04-bsse-205,Student 205,Female,22,2019,BSSE,1004,3,9/1/2019,6/30/2023,FALSE
206,04-bsse-206,Student 206,Male,22,2019,BSSE,1004,3,9/1/2019,6/30/2023,FALSE
207,04-bsse-207,Student 207,Female,22,2019,BSSE,1004,3,9/1/2019,6/30/2023,FALSE
208,04-bsse-208,Student 208,Male,22,2019,BSSE,1004,3,9/1/2019,6/30/2023,FALSE
209,04-bsse-209,Student 209,Female,22,2019,BSSE,1004,3,9/1/2019,6/30/2023,FALSE
210,04-bsse-210,Student 210,Male,22,2019,BSSE,1004,3,9/1/2019,6/30/2023,FALSE
211,04-bsse-211,Student 211,Female,22,2019,BSSE,1004,3,9/1/2019,6/30/2023,FALSE
212,04-bsse-212,Student 212,Male,22,2019,BSSE,1004,3,9/1/2019,6/30/2023,FALSE
213,04-bsse-213,Student 213,Female,22,2019,BSSE,1004,3,9/1/2019,6/30/2023,FALSE
214,04-bsse-214,Student 214,Male,22,2019,BSSE,1004,3,9/1/2019,6/30/2023,FALSE
215,04-bsse-215,Student 215,Female,22,2019,BSSE,1004,3,9/1/2019,6/30/2023,FALSE
216,04-bsse-216,Student 216,Male,22,2019,BSSE,1004,3,9/1/2019,6/30/2023,FALSE
217,04-bsse-217,Student 217,Female,22,2019,BSSE,1004,3,9/1/2019,6/30/2023,FALSE
218,04-bsse-218,Student 218,Male,22,2019,BSSE,1004,3,9/1/2019,6/30/2023,FALSE
219,04-bsse-219,Student 219,Female,22,2019,BSSE,1004,3,9/1/2019,6/30/2023,FALSE
220,04-bsse-220,Student 220,Male,22,2019,BSSE,1004,3,9/1/2019,6/30/2023,FALSE
221,04-bsse-221,Student 221,Female,22,2019,BSSE,1004,3,9/1/2019,6/30/2023,FALSE
222,04-bsse-222,Student 222,Male,22,2019,BSSE,1004,3,9/1/2019,6/30/2023,FALSE
223,04-bsse-223,Student 223,Female,22,2019,BSSE,1004,3,9/1/2019,6/30/2023,FALSE
224,04-bsse-224,Student 224,Male,22,2019,BSSE,1004,3,9/1/2019,6/30/2023,FALSE
225,04-bsse-225,Student 225,Female,22,2019,BSSE,1004,3,9/1/2019,6/30/2023,FALSE
226,04-bsse-226,Student 226,Male,22,2019,BSSE,1004,3,9/1/2019,6/30/2023,FALSE
227,04-bsse-227,Student 227,Female,22,2019,BSSE,1004,3,9/1/2019,6/30/2023,FALSE
228,04-bsse-228,Student 228,Male,22,2019,BSSE,1004,3,9/1/2019,6/30/2023,FALSE
229,04-bsse-229,Student 229,Female,22,2019,BSSE,1004,3,9/1/2019,6/30/2023,FALSE
230,04-bsse-230,Student 230,Male,22,2019,BSSE,1004,3,9/1/2019,6/30/2023,FALSE
231,04-bsse-231,Student 231,Female,22,2019,BSSE,1004,3,9/1/2019,6/30/2023,FALSE
232,04-bsse-232,Student 232,Male,22,2019,BSSE,1004,3,9/1/2019,6/30/2023,FALSE
233,04-bsse-233,Student 233,Female,22,2019,BSSE,1004,3,9/1/2019,6/30/2023,FALSE
234,04-bsse-234,Student 234,Male,22,2019,BSSE,1004,3,9/1/2019,6/30/2023,FALSE
235,04-bsse-235,Student 235,Female,22,2019,BSSE,1004,3,9/1/2019,6/30/2023,FALSE
236,04-bsse-236,Student 236,Male,22,2019,BSSE,1004,3,9/1/2019,6/30/2023,FALSE
237,04-bsse-237,Student 237,Female,22,2019,BSSE,1004,3,9/1/2019,6/30/2023,FALSE
238,04-bsse-238,Student 238,Male,22,2019,BSSE,1004,3,9/1/2019,6/30/2023,FALSE
239,04-bsse-239,Student 239,Female,22,2019,BSSE,1004,3,9/1/2019,6/30/2023,FALSE
240,04-bsse-240,Student 240,Male,22,2019,BSSE,1004,3,9/1/2019,6/30/2023,FALSE
241,04-bsse-241,Student 241,Female,22,2019,BSSE,1004,3,9/1/2019,6/30/2023,FALSE
242,04-bsse-242,Student 242,Male,22,2019,BSSE,1004,3,9/1/2019,6/30/2023,FALSE
243,04-bsse-243,Student 243,Female,22,2019,BSSE,1004,3,9/1/2019,6/30/2023,FALSE
244,04-bsse-244,Student 244,Male,22,2019,BSSE,1004,3,9/1/2019,6/30/2023,FALSE
245,04-bsse-245,Student 245,Female,22,2019,BSSE,1004,3,9/1/2019,6/30/2023,FALSE
246,04-bsse-246,Student 246,Male,22,2019,BSSE,1004,3,9/1/2019,6/30/2023,FALSE
247,04-bsse-247,Student 247,Female,22,2019,BSSE,1004,3,9/1/2019,6/30/2023,FALSE
248,04-bsse-248,Student 248,Male,22,2019,BSSE,1004,3,9/1/2019,6/30/2023,FALSE
249,04-bsse-249,Student 249,Female,22,2019,BSSE,1004,3,9/1/2019,6/30/2023,FALSE
250,04-bsse-250,Student 250,Male,22,2019,BSSE,1004,3,9/1/2019,6/30/2023,FALSE
251,04-bsse-251,Student 251,Female,22,2019,BSSE,1004,3,9/1/2019,6/30/2023,FALSE
252,04-bsse-252,Student 252,Male,22,2019,BSSE,1004,3,9/1/2019,6/30/2023,FALSE
253,04-bsse-253,Student 253,Female,22,2019,BSSE,1004,3,9/1/2019,6/30/2023,FALSE
254,04-bsse-254,Student 254,Male,22,2019,BSSE,1004,3,9/1/2019,6/30/2023,FALSE
255,04-bsse-255,Student 255,Female,22,2019,BSSE,1004,3,9/1/2019,6/30/2023,FALSE
256,04-bsse-256,Student 256,Male,22,2019,BSSE,1004,3,9/1/2019,6/30/2023,FALSE
257,04-bsse-257,Student 257,Female,22,2019,BSSE,1004,3,9/1/2019,6/30/2023,FALSE
258,04-bsse-258,Student 258,Male,22,2019,BSSE,1004,3,9/1/2019,6/30/2023,FALSE
259,04-bsse-259,Student 259,Female,22,2019,BSSE,1004,3,9/1/2019,6/30/2023,FALSE
260,04-bsse-260,Student 260,Male,22,2019,BSSE,1004,3,9/1/2019,6/30/2023,FALSE
261,04-bsse-261,Student 261,Female,22,2019,BSSE,1004,3,9/1/2019,6/30/2023,FALSE
262,04-bsse-262,Student 262,Male,22,2019,BSSE,1004,3,9/1/2019,6/30/2023,FALSE
263,04-bsse-263,Student 263,Female,22,2019,BSSE,1004,3,9/1/2019,6/30/2023,FALSE
264,04-bsse-264,Student 264,Male,22,2019,BSSE,1004,3,9/1/2019,6/30/2023,FALSE
265,04-bsse-265,Student 265,Female,22,2019,BSSE,1004,3,9/1/2019,6/30/2023,FALSE
266,04-bsse-266,Student 266,Male,22,2019,BSSE,1004,3,9/1/2019,6/30/2023,FALSE
267,04-bsse-267,Student 267,Female,22,2019,BSSE,1004,3,9/1/2019,6/30/2023,FALSE
268,04-bsse-268,Student 268,Male,22,2019,BSSE,1004,3,9/1/2019,6/30/2023,FALSE
269,04-bsse-269,Student 269,Female,22,2019,BSSE,1004,3,9/1/2019,6/30/2023,FALSE
270,04-bsse-270,Student 270,Male,22,2019,BSSE,1004,3,9/1/2019,6/30/2023,FALSE
271,04-bsse-271,Student 271,Female,22,2019,BSSE,1004,3,9/1/2019,6/30/2023,FALSE
272,04-bsse-272,Student 272,Male,22,2019,BSSE,1004,3,9/1/2019,6/30/2023,FALSE
273,04-bsse-273,Student 273,Female,22,2019,BSSE,1004,3,9/1/2019,6/30/2023,FALSE
274,04-bsse-274,Student 274,Male,22,2019,BSSE,1004,3,9/1/2019,6/30/2023,FALSE
275,04-bsse-275,Student 275,Female,22,2019,BSSE,1004,3,9/1/2019,6/30/2023,FALSE
276,04-bsse-276,Student 276,Male,22,2019,BSSE,1004,3,9/1/2019,6/30/2023,FALSE
277,04-bsse-277,Student 277,Female,22,2019,BSSE,1004,3,9/1/2019,6/30/2023,FALSE
278,04-bsse-278,Student 278,Male,22,2019,BSSE,1004,3,9/1/2019,6/30/2023,FALSE
279,04-bsse-279,Student 279,Female,22,2019,BSSE,1004,3,9/1/2019,6/30/2023,FALSE
280,04-bsse-280,Student 280,Male,22,2019,BSSE,1004,3,9/1/2019,6/30/2023,FALSE
281,04-bsse-281,Student 281,Female,22,2019,BSSE,1004,3,9/1/2019,6/30/2023,FALSE
282,04-bsse-282,Student 282,Male,22,2019,BSSE,1004,3,9/1/2019,6/30/2023,FALSE
283,04-bsse-283,Student 283,Female,22,2019,BSSE,1004,3,9/1/2019,6/30/2023,FALSE
284,04-bsse-284,Student 284,Male,22,2019,BSSE,1004,3,9/1/2019,6/30/2023,FALSE
285,04-bsse-285,Student 285,Female,22,2019,BSSE,1004,3,9/1/2019,6/30/2023,FALSE
286,04-bsse-286,Student 286,Male,22,2019,BSSE,1004,3,9/1/2019,6/30/2023,FALSE
287,04-bsse-287,Student 287,Female,22,2019,BSSE,1004,3,9/1/2019,6/30/2023,FALSE
288,04-bsse-288,Student 288,Male,22,2019,BSSE,1004,3,9/1/2019,6/30/2023,FALSE
289,04-bsse-289,Student 289,Female,22,2019,BSSE,1004,3,9/1/2019,6/30/2023,FALSE
290,04-bsse-290,Student 290,Male,22,2019,BSSE,1004,3,9/1/2019,6/30/2023,FALSE
291,04-bsse-291,Student 291,Female,22,2019,BSSE,1004,3,9/1/2019,6/30/2023,FALSE
292,04-bsse-292,Student 292,Male,22,2019,BSSE,1004,3,9/1/2019,6/30/2023,FALSE
293,04-bsse-293,Student 293,Female,22,2019,BSSE,1004,3,9/1/2019,6/30/2023,FALSE
294,04-bsse-294,Student 294,Male,22,2019,BSSE,1004,3,9/1/2019,6/30/2023,FALSE
295,04-bsse-295,Student 295,Female,22,2019,BSSE,1004,3,9/1/2019,6/30/2023,FALSE
296,04-bsse-296,Student 296,Male,22,2019,BSSE,1004,3,9/1/2019,6/30/2023,FALSE
297,04-bsse-297,Student 297,Female,22,2019,BSSE,1004,3,9/1/2019,6/30/2023,FALSE
298,04-bsse-298,Student 298,Male,22,2019,BSSE,1004,3,9/1/2019,6/30/2023,FALSE
299,04-bsse-299,Student 299,Female,22,2019,BSSE,1004,3,9/1/2019,6/30/2023,FALSE
300,04-bsse-300,Student 300,Male,22,2019,BSSE,1004,3,9/1/2019,6/30/2023,FALSE
301,04-bsse-301,Student 301,Female,22,2019,BSSE,1004,3,9/1/2019,6/30/2023,FALSE
302,04-bsse-302,Student 302,Male,22,2019,BSSE,1004,3,9/1/2019,6/30/2023,FALSE
303,04-bsse-303,Student 303,Female,22,2019,BSSE,1004,3,9/1/2019,6/30/2023,FALSE
304,04-bsse-304,Student 304,Male,22,2019,BSSE,1004,3,9/1/2019,6/30/2023,FALSE
305,04-bsse-305,Student 305,Female,22,2019,BSSE,1004,3,9/1/2019,6/30/2023,FALSE
306,04-bsse-306,Student 306,Male,22,2019,BSSE,1004,3,9/1/2019,6/30/2023,FALSE
307,04-bsse-307,Student 307,Female,22,2019,BSSE,1004,3,9/1/2019,6/30/2023,FALSE
308,04-bsse-308,Student 308,Male,22,2019,BSSE,1004,3,9/1/2019,6/30/2023,FALSE
309,04-bsse-309,Student 309,Female,22,2019,BSSE,1004,3,9/1/2019,6/30/2023,FALSE
310,04-bsse-310,Student 310,Male,22,2019,BSSE,1004,3,9/1/2019,6/30/2023,FALSE
311,04-bsse-311,Student 311,Female,22,2019,BSSE,1004,3,9/1/2019,6/30/2023,FALSE
312,04-bsse-312,Student 312,Male,22,2019,BSSE,1004,3,9/1/2019,6/30/2023,FALSE
313,04-bsse-313,Student 313,Female,22,2019,BSSE,1004,3,9/1/2019,6/30/2023,FALSE
314,04-bsse-314,Student 314,Male,22,2019,BSSE,1004,3,9/1/2019,6/30/2023,FALSE
315,04-bsse-315,Student 315,Female,22,2019,BSSE,1004,3,9/1/2019,6/30/2023,FALSE
316,04-bsse-316,Student 316,Male,22,2019,BSSE,1004,3,9/1/2019,6/30/2023,FALSE
317,04-bsse-317,Student 317,Female,22,2019,BSSE,1004,3,9/1/2019,6/30/2023,FALSE
318,04-bsse-318,Student 318,Male,22,2019,BSSE,1004,3,9/1/2019,6/30/2023,FALSE
319,04-bsse-319,Student 319,Female,22,2019,BSSE,1004,3,9/1/2019,6/30/2023,FALSE
320,04-bsse-320,Student 320,Male,22,2019,BSSE,1004,3,9/1/2019,6/30/2023,FALSE
321,04-bsse-321,Student 321,Female,22,2019,BSSE,1004,3,9/1/2019,6/30/2023,FALSE
322,04-bsse-322,Student 322,Male,22,2019,BSSE,1004,3,9/1/2019,6/30/2023,FALSE
323,04-bsse-323,Student 323,Female,22,2019,BSSE,1004,3,9/1/2019,6/30/2023,FALSE
324,04-bsse-324,Student 324,Male,22,2019,BSSE,1004,3,9/1/2019,6/30/2023,FALSE
325,04-bsse-325,Student 325,Female,22,2019,BSSE,1004,3,9/1/2019,6/30/2023,FALSE
326,04-bsse-326,Student 326,Male,22,2019,BSSE,1004,3,9/1/2019,6/30/2023,FALSE
327,04-bsse-327,Student 327,Female,22,2019,BSSE,1004,3,9/1/2019,6/30/2023,FALSE
328,04-bsse-328,Student 328,Male,22,2019,BSSE,1004,3,9/1/2019,6/30/2023,FALSE
329,04-bsse-329,Student 329,Female,22,2019,BSSE,1004,3,9/1/2019,6/30/2023,FALSE
330,04-bsse-330,Student 330,Male,22,2019,BSSE,1004,3,9/1/2019,6/30/2023,FALSE
331,04-bsse-331,Student 331,Female,22,2019,BSSE,1004,3,9/1/2019,6/30/2023,FALSE
332,04-bsse-332,Student 332,Male,22,2019,BSSE,1004,3,9/1/2019,6/30/2023,FALSE
333,04-bsse-333,Student 333,Female,22,2019,BSSE,1004,3,9/1/2019,6/30/2023,FALSE
334,04-bsse-334,Student 334,Male,22,2019,BSSE,1004,3,9/1/2019,6/30/2023,FALSE
335,04-bsse-335,Student 335,Female,22,2019,BSSE,1004,3,9/1/2019,6/30/2023,FALSE
336,04-bsse-336,Student 336,Male,22,2019,BSSE,1004,3,9/1/2019,6/30/2023,FALSE
337,04-bsse-337,Student 337,Female,22,2019,BSSE,1004,3,9/1/2019,6/30/2023,FALSE
338,04-bsse-338,Student 338,Male,22,2019,BSSE,1004,3,9/1/2019,6/30/2023,FALSE
339,04-bsse-339,Student 339,Female,22,2019,BSSE,1004,3,9/1/2019,6/30/2023,FALSE
340,04-bsse-340,Student 340,Male,22,2019,BSSE,1004,3,9/1/2019,6/30/2023,FALSE
341,04-bsse-341,Student 341,Female,22,2019,BSSE,1004,3,9/1/2019,6/30/2023,FALSE
342,04-bsse-342,Student 342,Male,22,2019,BSSE,1004,3,9/1/2019,6/30/2023,FALSE
343,04-bsse-343,Student 343,Female,22,2019,BSSE,1004,3,9/1/2019,6/30/2023,FALSE
344,04-bsse-344,Student 344,Male,22,2019,BSSE,1004,3,9/1/2019,6/30/2023,FALSE
345,04-bsse-345,Student 345,Female,22,2019,BSSE,1004,3,9/1/2019,6/30/2023,FALSE
346,04-bsse-346,Student 346,Male,22,2019,BSSE,1004,3,9/1/2019,6/30/2023,FALSE
347,04-bsse-347,Student 347,Female,22,2019,BSSE,1004,3,9/1/2019,6/30/2023,FALSE
348,04-bsse-348,Student 348,Male,22,2019,BSSE,1004,3,9/1/2019,6/30/2023,FALSE
349,04-bsse-349,Student 349,Female,22,2019,BSSE,1004,3,9/1/2019,6/30/2023,FALSE
350,04-bsse-350,Student 350,Male,22,2019,BSSE,1004,3,9/1/2019,6/30/2023,FALSE
351,04-bsse-351,Student 351,Female,22,2019,BSSE,1004,3,9/1/2019,6/30/2023,FALSE
352,04-bsse-352,Student 352,Male,22,2019,BSSE,1004,3,9/1/2019,6/30/2023,FALSE
353,04-bsse-353,Student 353,Female,22,2019,BSSE,1004,3,9/1/2019,6/30/2023,FALSE
354,04-bsse-354,Student 354,Male,22,2019,BSSE,1004,3,9/1/2019,6/30/2023,FALSE
355,04-bsse-355,Student 355,Female,22,2019,BSSE,1004,3,9/1/2019,6/30/2023,FALSE
356,04-bsse-356,Student 356,Male,22,2019,BSSE,1004,3,9/1/2019,6/30/2023,FALSE
357,04-bsse-357,Student 357,Female,22,2019,BSSE,1004,3,9/1/2019,6/30/2023,FALSE
358,04-bsse-358,Student 358,Male,22,2019,BSSE,1004,3,9/1/2019,6/30/2023,FALSE
359,04-bsse-359,Student 359,Female,22,2019,BSSE,1004,3,9/1/2019,6/30/2023,FALSE
360,04-bsse-360,Student 360,Male,22,2019,BSSE,1004,3,9/1/2019,6/30/2023,FALSE
361,04-bsse-361,Student 361,Female,22,2019,BSSE,1004,3,9/1/2019,6/30/2023,FALSE
362,04-bsse-362,Student 362,Male,22,2019,BSSE,1004,3,9/1/2019,6/30/2023,FALSE
363,04-bsse-363,Student 363,Female,22,2019,BSSE,1004,3,9/1/2019,6/30/2023,FALSE
364,04-bsse-364,Student 364,Male,22,2019,BSSE,1004,3,9/1/2019,6/30/2023,FALSE
365,04-bsse-365,Student 365,Female,22,2019,BSSE,1004,3,9/1/2019,6/30/2023,FALSE
366,04-bsse-366,Student 366,Male,22,2019,BSSE,1004,3,9/1/2019,6/30/2023,FALSE
367,04-bsse-367,Student 367,Female,22,2019,BSSE,1004,3,9/1/2019,6/30/2023,FALSE
368,04-bsse-368,Student 368,Male,22,2019,BSSE,1004,3,9/1/2019,6/30/2023,FALSE
369,04-bsse-369,Student 369,Female,22,2019,BSSE,1004,3,9/1/2019,6/30/2023,FALSE
370,04-bsse-370,Student 370,Male,22,2019,BSSE,1004,3,9/1/2019,6/30/2023,FALSE
371,04-bsse-371,Student 371,Female,22,2019,BSSE,1004,3,9/1/2019,6/30/2023,FALSE
372,04-bsse-372,Student 372,Male,22,2019,BSSE,1004,3,9/1/2019,6/30/2023,FALSE
373,04-bsse-373,Student 373,Female,22,2019,BSSE,1004,3,9/1/2019,6/30/2023,FALSE
374,04-bsse-374,Student 374,Male,22,2019,BSSE,1004,3,9/1/2019,6/30/2023,FALSE
375,04-bsse-375,Student 375,Female,22,2019,BSSE,1004,3,9/1/2019,6/30/2023,FALSE
376,04-bsse-376,Student 376,Male,22,2019,BSSE,1004,3,9/1/2019,6/30/2023,FALSE
377,04-bsse-377,Student 377,Female,22,2019,BSSE,1004,3,9/1/2019,6/30/2023,FALSE
378,04-bsse-378,Student 378,Male,22,2019,BSSE,1004,3,9/1/2019,6/30/2023,FALSE
379,04-bsse-379,Student 379,Female,22,2019,BSSE,1004,3,9/1/2019,6/30/2023,FALSE
380,04-bsse-380,Student 380,Male,22,2019,BSSE,1004,3,9/1/2019,6/30/2023,FALSE
381,04-bsse-381,Student 381,Female,22,2019,BSSE,1004,3,9/1/2019,6/30/2023,FALSE
382,04-bsse-382,Student 382,Male,22,2019,BSSE,1004,3,9/1/2019,6/30/2023,FALSE
383,04-bsse-383,Student 383,Female,22,2019,BSSE,1004,3,9/1/2019,6/30/2023,FALSE
384,04-bsse-384,Student 384,Male,22,2019,BSSE,1004,3,9/1/2019,6/30/2023,FALSE
385,04-bsse-385,Student 385,Female,22,2019,BSSE,1004,3,9/1/2019,6/30/2023,FALSE
386,04-bsse-386,Student 386,Male,22,2019,BSSE,1004,3,9/1/2019,6/30/2023,FALSE
387,04-bsse-387,Student 387,Female,22,2019,BSSE,1004,3,9/1/2019,6/30/2023,FALSE
388,04-bsse-388,Student 388,Male,22,2019,BSSE,1004,3,9/1/2019,6/30/2023,FALSE
389,04-bsse-389,Student 389,Female,22,2019,BSSE,1004,3,9/1/2019,6/30/2023,FALSE
390,04-bsse-390,Student 390,Male,22,2019,BSSE,1004,3,9/1/2019,6/30/2023,FALSE
391,04-bsse-391,Student 391,Female,22,2019,BSSE,1004,3,9/1/2019,6/30/2023,FALSE
392,04-bsse-392,Student 392,Male,22,2019,BSSE,1004,3,9/1/2019,6/30/2023,FALSE
393,04-bsse-393,Student 393,Female,22,2019,BSSE,1004,3,9/1/2019,6/30/2023,FALSE
394,04-bsse-394,Student 394,Male,22,2019,BSSE,1004,3,9/1/2019,6/30/2023,FALSE
395,04-bsse-395,Student 395,Female,22,2019,BSSE,1004,3,9/1/2019,6/30/2023,FALSE
396,04-bsse-396,Student 396,Male,22,2019,BSSE,1004,3,9/1/2019,6/30/2023,FALSE
397,04-bsse-397,Student 397,Female,22,2019,BSSE,1004,3,9/1/2019,6/30/2023,FALSE
398,04-bsse-398,Student 398,Male,22,2019,BSSE,1004,3,9/1/2019,6/30/2023,FALSE
399,04-bsse-399,Student 399,Female,22,2019,BSSE,1004,3,9/1/2019,6/30/2023,FALSE
400,04-bsse-400,Student 400,Male,22,2019,BSSE,1004,3,9/1/2019,6/30/2023,FALSE
401,04-bsse-401,Student 401,Female,22,2019,BSSE,1004,3,9/1/2019,6/30/2023,FALSE
402,04-bsse-402,Student 402,Male,22,2019,BSSE,1004,3,9/1/2019,6/30/2023,FALSE
403,04-bsse-403,Student 403,Female,22,2019,BSSE,1004,3,9/1/2019,6/30/2023,FALSE
404,04-bsse-404,Student 404,Male,22,2019,BSSE,1004,3,9/1/2019,6/30/2023,FALSE
405,04-bsse-405,Student 405,Female,22,2019,BSSE,1004,3,9/1/2019,6/30/2023,FALSE
406,04-bsse-406,Student 406,Male,22,2019,BSSE,1004,3,9/1/2019,6/30/2023,FALSE
407,04-bsse-407,Student 407,Female,22,2019,BSSE,1004,3,9/1/2019,6/30/2023,FALSE
408,04-bsse-408,Student 408,Male,22,2019,BSSE,1004,3,9/1/2019,6/30/2023,FALSE
409,04-bsse-409,Student 409,Female,22,2019,BSSE,1004,3,9/1/2019,6/30/2023,FALSE
410,04-bsse-410,Student 410,Male,22,2019,BSSE,1004,3,9/1/2019,6/30/2023,FALSE
411,04-bsse-411,Student 411,Female,22,2019,BSSE,1004,3,9/1/2019,6/30/2023,FALSE
412,04-bsse-412,Student 412,Male,22,2019,BSSE,1004,3,9/1/2019,6/30/2023,FALSE
413,04-bsse-413,Student 413,Female,22,2019,BSSE,1004,3,9/1/2019,6/30/2023,FALSE
414,04-bsse-414,Student 414,Male,22,2019,BSSE,1004,3,9/1/2019,6/30/2023,FALSE
415,04-bsse-415,Student 415,Female,22,2019,BSSE,1004,3,9/1/2019,6/30/2023,FALSE
416,04-bsse-416,Student 416,Male,22,2019,BSSE,1004,3,9/1/2019,6/30/2023,FALSE
417,04-bsse-417,Student 417,Female,22,2019,BSSE,1004,3,9/1/2019,6/30/2023,FALSE
418,04-bsse-418,Student 418,Male,22,2019,BSSE,1004,3,9/1/2019,6/30/2023,FALSE
419,04-bsse-419,Student 419,Female,22,2019,BSSE,1004,3,9/1/2019,6/30/2023,FALSE
420,04-bsse-420,Student 420,Male,22,2019,BSSE,1004,3,9/1/2019,6/30/2023,FALSE
421,04-bsse-421,Student 421,Female,22,2019,BSSE,1004,3,9/1/2019,6/30/2023,FALSE
422,04-bsse-422,Student 422,Male,22,2019,BSSE,1004,3,9/1/2019,6/30/2023,FALSE
423,04-bsse-423,Student 423,Female,22,2019,BSSE,1004,3,9/1/2019,6/30/2023,FALSE
424,04-bsse-424,Student 424,Male,22,2019,BSSE,1004,3,9/1/2019,6/30/2023,FALSE
425,04-bsse-425,Student 425,Female,22,2019,BSSE,1004,3,9/1/2019,6/30/2023,FALSE
426,04-bsse-426,Student 426,Male,22,2019,BSSE,1004,3,9/1/2019,6/30/2023,FALSE
427,04-bsse-427,Student 427,Female,22,2019,BSSE,1004,3,9/1/2019,6/30/2023,FALSE
428,04-bsse-428,Student 428,Male,22,2019,BSSE,1004,3,9/1/2019,6/30/2023,FALSE
429,04-bsse-429,Student 429,Female,22,2019,BSSE,1004,3,9/1/2019,6/30/2023,FALSE
430,04-bsse-430,Student 430,Male,22,2019,BSSE,1004,3,9/1/2019,6/30/2023,FALSE
431,04-bsse-431,Student 431,Female,22,2019,BSSE,1004,3,9/1/2019,6/30/2023,FALSE
432,04-bsse-432,Student 432,Male,22,2019,BSSE,1004,3,9/1/2019,6/30/2023,FALSE
433,04-bsse-433,Student 433,Female,22,2019,BSSE,1004,3,9/1/2019,6/30/2023,FALSE
434,04-bsse-434,Student 434,Male,22,2019,BSSE,1004,3,9/1/2019,6/30/2023,FALSE
435,04-bsse-435,Student 435,Female,22,2019,BSSE,1004,3,9/1/2019,6/30/2023,FALSE
436,04-bsse-436,Student 436,Male,22,2019,BSSE,1004,3,9/1/2019,6/30/2023,FALSE
437,04-bsse-437,Student 437,Female,22,2019,BSSE,1004,3,9/1/2019,6/30/2023,FALSE
438,04-bsse-438,Student 438,Male,22,2019,BSSE,1004,3,9/1/2019,6/30/2023,FALSE
439,04-bsse-439,Student 439,Female,22,2019,BSSE,1004,3,9/1/2019,6/30/2023,FALSE
440,04-bsse-440,Student 440,Male,22,2019,BSSE,1004,3,9/1/2019,6/30/2023,FALSE
441,04-bsse-441,Student 441,Female,22,2019,BSSE,1004,3,9/1/2019,6/30/2023,FALSE
442,04-bsse-442,Student 442,Male,22,2019,BSSE,1004,3,9/1/2019,6/30/2023,FALSE
443,04-bsse-443,Student 443,Female,22,2019,BSSE,1004,3,9/1/2019,6/30/2023,FALSE
444,04-bsse-444,Student 444,Male,22,2019,BSSE,1004,3,9/1/2019,6/30/2023,FALSE
445,04-bsse-445,Student 445,Female,22,2019,BSSE,1004,3,9/1/2019,6/30/2023,FALSE
446,04-bsse-446,Student 446,Male,22,2019,BSSE,1004,3,9/1/2019,6/30/2023,FALSE
447,04-bsse-447,Student 447,Female,22,2019,BSSE,1004,3,9/1/2019,6/30/2023,FALSE
448,04-bsse-448,Student 448,Male,22,2019,BSSE,1004,3,9/1/2019,6/30/2023,FALSE
449,04-bsse-449,Student 449,Female,22,2019,BSSE,1004,3,9/1/2019,6/30/2023,FALSE
450,04-bsse-450,Student 450,Male,22,2019,BSSE,1004,3,9/1/2019,6/30/2023,FALSE
451,04-bsse-451,Student 451,Female,22,2019,BSSE,1004,3,9/1/2019,6/30/2023,FALSE
452,04-bsse-452,Student 452,Male,22,2019,BSSE,1004,3,9/1/2019,6/30/2023,FALSE
453,04-bsse-453,Student 453,Female,22,2019,BSSE,1004,3,9/1/2019,6/30/2023,FALSE
454,04-bsse-454,Student 454,Male,22,2019,BSSE,1004,3,9/1/2019,6/30/2023,FALSE
455,04-bsse-455,Student 455,Female,22,2019,BSSE,1004,3,9/1/2019,6/30/2023,FALSE
456,04-bsse-456,Student 456,Male,22,2019,BSSE,1004,3,9/1/2019,6/30/2023,FALSE
457,04-bsse-457,Student 457,Female,22,2019,BSSE,1004,3,9/1/2019,6/30/2023,FALSE
458,04-bsse-458,Student 458,Male,22,2019,BSSE,1004,3,9/1/2019,6/30/2023,FALSE
459,04-bsse-459,Student 459,Female,22,2019,BSSE,1004,3,9/1/2019,6/30/2023,FALSE
460,04-bsse-460,Student 460,Male,22,2019,BSSE,1004,3,9/1/2019,6/30/2023,FALSE
461,04-bsse-461,Student 461,Female,22,2019,BSSE,1004,3,9/1/2019,6/30/2023,FALSE
462,04-bsse-462,Student 462,Male,22,2019,BSSE,1004,3,9/1/2019,6/30/2023,FALSE
463,04-bsse-463,Student 463,Female,22,2019,BSSE,1004,3,9/1/2019,6/30/2023,FALSE
464,04-bsse-464,Student 464,Male,22,2019,BSSE,1004,3,9/1/2019,6/30/2023,FALSE
465,04-bsse-465,Student 465,Female,22,2019,BSSE,1004,3,9/1/2019,6/30/2023,FALSE
466,04-bsse-466,Student 466,Male,22,2019,BSSE,1004,3,9/1/2019,6/30/2023,FALSE
467,04-bsse-467,Student 467,Female,22,2019,BSSE,1004,3,9/1/2019,6/30/2023,FALSE
468,04-bsse-468,Student 468,Male,22,2019,BSSE,1004,3,9/1/2019,6/30/2023,FALSE
469,04-bsse-469,Student 469,Female,22,2019,BSSE,1004,3,9/1/2019,6/30/2023,FALSE
470,04-bsse-470,Student 470,Male,22,2019,BSSE,1004,3,9/1/2019,6/30/2023,FALSE
471,04-bsse-471,Student 471,Female,22,2019,BSSE,1004,3,9/1/2019,6/30/2023,FALSE
472,04-bsse-472,Student 472,Male,22,2019,BSSE,1004,3,9/1/2019,6/30/2023,FALSE
473,04-bsse-473,Student 473,Female,22,2019,BSSE,1004,3,9/1/2019,6/30/2023,FALSE
474,04-bsse-474,Student 474,Male,22,2019,BSSE,1004,3,9/1/2019,6/30/2023,FALSE
475,04-bsse-475,Student 475,Female,22,2019,BSSE,1004,3,9/1/2019,6/30/2023,FALSE
476,04-bsse-476,Student 476,Male,22,2019,BSSE,1004,3,9/1/2019,6/30/2023,FALSE
477,04-bsse-477,Student 477,Female,22,2019,BSSE,1004,3,9/1/2019,6/30/2023,FALSE
478,04-bsse-478,Student 478,Male,22,2019,BSSE,1004,3,9/1/2019,6/30/2023,FALSE
479,04-bsse-479,Student 479,Female,22,2019,BSSE,1004,3,9/1/2019,6/30/2023,FALSE
480,04-bsse-480,Student 480,Male,22,2019,BSSE,1004,3,9/1/2019,6/30/2023,FALSE
481,04-bsse-481,Student 481,Female,22,2019,BSSE,1004,3,9/1/2019,6/30/2023,FALSE
482,04-bsse-482,Student 482,Male,22,2019,BSSE,1004,3,9/1/2019,6/30/2023,FALSE
483,04-bsse-483,Student 483,Female,22,2019,BSSE,1004,3,9/1/2019,6/30/2023,FALSE
484,04-bsse-484,Student 484,Male,22,2019,BSSE,1004,3,9/1/2019,6/30/2023,FALSE
485,04-bsse-485,Student 485,Female,22,2019,BSSE,1004,3,9/1/2019,6/30/2023,FALSE
486,04-bsse-486,Student 486,Male,22,2019,BSSE,1004,3,9/1/2019,6/30/2023,FALSE
487,04-bsse-487,Student 487,Female,22,2019,BSSE,1004,3,9/1/2019,6/30/2023,FALSE
488,04-bsse-488,Student 488,Male,22,2019,BSSE,1004,3,9/1/2019,6/30/2023,FALSE
489,04-bsse-489,Student 489,Female,22,2019,BSSE,1004,3,9/1/2019,6/30/2023,FALSE
490,04-bsse-490,Student 490,Male,22,2019,BSSE,1004,3,9/1/2019,6/30/2023,FALSE
491,04-bsse-491,Student 491,Female,22,2019,BSSE,1004,3,9/1/2019,6/30/2023,FALSE
492,04-bsse-492,Student 492,Male,22,2019,BSSE,1004,3,9/1/2019,6/30/2023,FALSE
493,04-bsse-493,Student 493,Female,22,2019,BSSE,1004,3,9/1/2019,6/30/2023,FALSE
494,04-bsse-494,Student 494,Male,22,2019,BSSE,1004,3,9/1/2019,6/30/2023,FALSE
495,04-bsse-495,Student 495,Female,22,2019,BSSE,1004,3,9/1/2019,6/30/2023,FALSE
496,04-bsse-496,Student 496,Male,22,2019,BSSE,1004,3,9/1/2019,6/30/2023,FALSE
497,04-bsse-497,Student 497,Female,22,2019,BSSE,1004,3,9/1/2019,6/30/2023,FALSE
498,04-bsse-498,Student 498,Male,22,2019,BSSE,1004,3,9/1/2019,6/30/2023,FALSE
499,04-bsse-499,Student 499,Female,22,2019,BSSE,1004,3,9/1/2019,6/30/2023,FALSE
500,04-bsse-500,Student 500,Male,22,2019,BSSE,1004,3,9/1/2019,6/30/2023,FALSE
